{"schemaVersion":"1.0","appDefinitionTemplate":{"id":"/providers/Microsoft.PowerApps/apps/","type":"Microsoft.PowerApps/apps","tags":{"primaryDeviceWidth":"1366","primaryDeviceHeight":"768","sienaVersion":"20200510T090939Z-3.20023.8.0","deviceCapabilities":"","supportsPortrait":"false","supportsLandscape":"true","primaryFormFactor":"Tablet","publisherVersion":"3.20023.8","minimumRequiredApiVersion":"2.2.0","hasComponent":"false","hasUnlockedComponent":"false"},"properties":{"appVersion":"2020-05-10T09:09:39Z","lifeCycleId":"Published","createdByClientVersion":{"major":3,"minor":20023,"build":8,"revision":0,"majorRevision":0,"minorRevision":0},"minClientVersion":{"major":3,"minor":20023,"build":8,"revision":0,"majorRevision":0,"minorRevision":0},"backgroundColor":"rgba(104, 101, 171, 1)","backgroundImageUri":"/5691680316187237999/N9f1ece87-cdbc-46f1-b95a-2ef0299b2c60-logoSmallFile","displayName":"Exercise 7","description":"","commitMessage":"","appUris":{"documentUri":{"value":"/5691680316187237999/N96ec033c-db22-4a87-aa16-4dc00a1830c2-document.msapp","readonlyValue":"/5691680316187237999/N96ec033c-db22-4a87-aa16-4dc00a1830c2-document.msapp"},"imageUris":[]},"createdTime":"0001-01-01T00:00:00Z","lastModifiedTime":"0001-01-01T00:00:00Z","sharedGroupsCount":0,"sharedUsersCount":0,"icons":{"smallIconUri":"/5691680316187237999/N41a1dada-4ae1-404c-a341-dcf742e75bda-small.png","mediumIconUri":"/5691680316187237999/Naf8d3c35-d2a0-4011-81ad-9c4a57cedbe9-medium.png","largeIconUri":"/5691680316187237999/Nb75a830e-7e44-4d25-83fe-5e83946a3906-large.png","wideIconUri":"/5691680316187237999/N76f4f747-0395-4213-b8c1-ab12731ae186-wide.png"},"connectionReferences":{},"databaseReferences":{},"almMode":"Environment","performanceOptimizationEnabled":false,"canConsumeAppPass":true},"isAppComponentLibrary":false,"appType":"ClassicCanvasApp","appComponents":[]}}