{"schemaVersion":"1.0","appDefinitionTemplate":{"id":"/providers/Microsoft.PowerApps/apps/","type":"Microsoft.PowerApps/apps","tags":{"primaryDeviceWidth":"1366","primaryDeviceHeight":"768","sienaVersion":"e9711cca-fe7f-4d15-904b-bb4817746c44","deviceCapabilities":"","supportsPortrait":"false","supportsLandscape":"true","primaryFormFactor":"Tablet","publisherVersion":"3.20023.8","minimumRequiredApiVersion":"2.2.0","hasComponent":"false","hasUnlockedComponent":"false"},"properties":{"appVersion":"2020-04-26T11:11:22Z","lifeCycleId":"Published","createdByClientVersion":{"major":3,"minor":20023,"build":8,"revision":0,"majorRevision":0,"minorRevision":0},"minClientVersion":{"major":3,"minor":20023,"build":8,"revision":0,"majorRevision":0,"minorRevision":0},"backgroundColor":"rgba(104, 101, 171, 1)","backgroundImageUri":"/18294145628894127184/Ne3b3fc38-c4e9-4212-b7ee-d37f18876f18-N76c16389-0a85-475b-9d58-f0a82c3cc0eb-logoSmallFile","displayName":"Exercise 6 - Explanation","description":"","commitMessage":"","appUris":{"documentUri":{"value":"/18294145628894127184/Nc0db8231-105b-4d1c-ad91-6dc4d1224684-N00a0ae70-226b-47b0-ab85-fd467c75520e-document.msapp","readonlyValue":"/18294145628894127184/Nc0db8231-105b-4d1c-ad91-6dc4d1224684-N00a0ae70-226b-47b0-ab85-fd467c75520e-document.msapp"},"imageUris":[]},"createdTime":"0001-01-01T00:00:00Z","lastModifiedTime":"0001-01-01T00:00:00Z","sharedGroupsCount":0,"sharedUsersCount":0,"icons":{"smallIconUri":"/18294145628894127184/Ndffa65dd-54a0-4499-a6ec-424e1b888d70-Nb996981a-fc36-4eeb-a85d-1fab06fa5da8-small.png","mediumIconUri":"/18294145628894127184/Na30b1def-b27e-465d-ab2d-93f71e58e478-N57f02a37-d95b-4f04-a3cf-1c6bd9072879-medium.png","largeIconUri":"/18294145628894127184/Nb0e6f91a-3dbc-458e-8b24-e29529e2dc0e-Ncb815cc3-a3ce-4751-8f7e-69f8058ee3d4-large.png","wideIconUri":"/18294145628894127184/N084f1b20-1047-47a5-b048-8542f35cefce-Nb0c331e3-fc29-4d46-b73a-ad30c501a6a9-wide.png"},"connectionReferences":{},"databaseReferences":{},"almMode":"Environment","performanceOptimizationEnabled":false,"canConsumeAppPass":true},"isAppComponentLibrary":false,"appType":"ClassicCanvasApp","appComponents":[]}}