{"schemaVersion":"1.0","appDefinitionTemplate":{"id":"/providers/Microsoft.PowerApps/apps/","type":"Microsoft.PowerApps/apps","tags":{"primaryDeviceWidth":"1366","primaryDeviceHeight":"768","sienaVersion":"20200329T121550Z-3.20023.4.0","deviceCapabilities":"","supportsPortrait":"false","supportsLandscape":"true","primaryFormFactor":"Tablet","publisherVersion":"3.20023.4","minimumRequiredApiVersion":"2.2.0","hasComponent":"false","hasUnlockedComponent":"false"},"properties":{"appVersion":"2020-03-29T12:15:50Z","lifeCycleId":"Published","createdByClientVersion":{"major":3,"minor":20023,"build":4,"revision":0,"majorRevision":0,"minorRevision":0},"minClientVersion":{"major":3,"minor":20023,"build":4,"revision":0,"majorRevision":0,"minorRevision":0},"backgroundColor":"rgba(104, 101, 171, 1)","backgroundImageUri":"/4806947535141536144/Neef94b2b-f941-4ff0-a428-0c18869ec484-logoSmallFile","displayName":"Exercise 2 - Explanation","description":"","commitMessage":"","appUris":{"documentUri":{"value":"/4806947535141536144/Nae335d4d-bbdd-4dd1-be4b-6c0af0354714-document.msapp","readonlyValue":"/4806947535141536144/Nae335d4d-bbdd-4dd1-be4b-6c0af0354714-document.msapp"},"imageUris":[]},"createdTime":"0001-01-01T00:00:00Z","lastModifiedTime":"0001-01-01T00:00:00Z","sharedGroupsCount":0,"sharedUsersCount":0,"icons":{"smallIconUri":"/4806947535141536144/Nd69af221-3496-461f-8b24-e4568e29cce0-small.png","mediumIconUri":"/4806947535141536144/Ncd1d4870-8615-4de0-bfee-ea43c9e84a53-medium.png","largeIconUri":"/4806947535141536144/N15f06ab6-c55a-4ffe-9d39-8bea2c66e20f-large.png","wideIconUri":"/4806947535141536144/N5b7d0492-5ecc-45b7-bd52-21d85a343852-wide.png"},"connectionReferences":{"9fee3625-e009-44dd-b626-51fd516b490b":{"id":"7c1dceac-c58f-4939-8332-d7f520499945","displayName":"SharePoint","iconUri":"https://connectoricons-prod.azureedge.net/sharepointonline/icon_1.0.1317.1924.png","dataSources":["Permissions"],"dependencies":[],"dependents":[],"parameterHints":{},"isOnPremiseConnection":false,"bypassConsent":false,"dataSets":{"https://faf202003.sharepoint.com/sites/Exercises":{"dataSources":{"Permissions":{"tableName":"378993c9-9943-46ab-937d-bc4dc3846c11"}}}},"apiTier":"Standard","isCustomApiConnection":false}},"databaseReferences":{},"almMode":"Environment","performanceOptimizationEnabled":false,"canConsumeAppPass":true},"isAppComponentLibrary":false,"appType":"ClassicCanvasApp","appComponents":[]}}