{"schemaVersion":"1.0","appDefinitionTemplate":{"id":"/providers/Microsoft.PowerApps/apps/","type":"Microsoft.PowerApps/apps","tags":{"primaryDeviceWidth":"1366","primaryDeviceHeight":"768","sienaVersion":"20200510T130728Z-3.20023.8.0","deviceCapabilities":"","supportsPortrait":"false","supportsLandscape":"true","primaryFormFactor":"Tablet","publisherVersion":"3.20023.8","minimumRequiredApiVersion":"2.2.0","hasComponent":"false","hasUnlockedComponent":"false"},"properties":{"appVersion":"2020-05-10T13:07:28Z","lifeCycleId":"Published","createdByClientVersion":{"major":3,"minor":20023,"build":8,"revision":0,"majorRevision":0,"minorRevision":0},"minClientVersion":{"major":3,"minor":20023,"build":8,"revision":0,"majorRevision":0,"minorRevision":0},"backgroundColor":"rgba(104, 101, 171, 1)","backgroundImageUri":"/14436619182017510494/Nadf0f743-34f2-40bc-9a39-b91e8c821396-logoSmallFile","displayName":"Exercise 7 and 8 - Explanation","description":"","commitMessage":"","appUris":{"documentUri":{"value":"/14436619182017510494/N2148600c-5916-46d6-9099-e4b7ae89ef90-document.msapp","readonlyValue":"/14436619182017510494/N2148600c-5916-46d6-9099-e4b7ae89ef90-document.msapp"},"imageUris":[]},"createdTime":"0001-01-01T00:00:00Z","lastModifiedTime":"0001-01-01T00:00:00Z","sharedGroupsCount":0,"sharedUsersCount":0,"icons":{"smallIconUri":"/14436619182017510494/Nd7588ec4-9d8d-4f39-aa2f-77c5cc5ec110-small.png","mediumIconUri":"/14436619182017510494/N1acd9ba2-9107-4cc5-9393-0fc41c564243-medium.png","largeIconUri":"/14436619182017510494/Nc6b0f3b4-0049-4f2a-8896-2ce8fe1371e3-large.png","wideIconUri":"/14436619182017510494/Nc87e091a-c5c1-4a73-aac3-32f118aaf6f8-wide.png"},"connectionReferences":{"14e7c4a7-4a27-4aee-9f39-cda37e04a5c9":{"id":"ff76fb0a-046b-461f-a416-f4ec407dc067","displayName":"Office 365 Outlook","iconUri":"https://connectoricons-prod.azureedge.net/office365/icon_1.0.1344.1994.png","dataSources":["Office365Outlook"],"dependencies":[],"dependents":[],"parameterHints":{},"isOnPremiseConnection":false,"bypassConsent":false,"dataSets":{},"apiTier":"Standard","isCustomApiConnection":false}},"databaseReferences":{},"almMode":"Environment","performanceOptimizationEnabled":false,"canConsumeAppPass":true},"isAppComponentLibrary":false,"appType":"ClassicCanvasApp","appComponents":[]}}