{"schemaVersion":"1.0","appDefinitionTemplate":{"id":"/providers/Microsoft.PowerApps/apps/","type":"Microsoft.PowerApps/apps","tags":{"minimumRequiredApiVersion":"2.2.0","primaryDeviceWidth":"1366","primaryDeviceHeight":"768","sienaVersion":"20200329T122914Z-3.20023.4.0","deviceCapabilities":"","supportsPortrait":"false","supportsLandscape":"true","primaryFormFactor":"Tablet","publisherVersion":"3.20023.4","hasComponent":"false","hasUnlockedComponent":"false"},"properties":{"appVersion":"2020-03-29T12:29:14Z","lifeCycleId":"Published","createdByClientVersion":{"major":3,"minor":20023,"build":4,"revision":0,"majorRevision":0,"minorRevision":0},"minClientVersion":{"major":3,"minor":20023,"build":4,"revision":0,"majorRevision":0,"minorRevision":0},"backgroundColor":"rgba(104, 101, 171, 1)","backgroundImageUri":"/369576789871057804/Nf7fec3f8-c55c-4fdf-9ede-d7eb387d445a-logoSmallFile","displayName":"Exercise 3 - Explanation","description":"","commitMessage":"","appUris":{"documentUri":{"value":"/369576789871057804/Nb9f8eed8-1105-4f18-9c7f-fd11ca01b743-document.msapp","readonlyValue":"/369576789871057804/Nb9f8eed8-1105-4f18-9c7f-fd11ca01b743-document.msapp"},"imageUris":[]},"createdTime":"0001-01-01T00:00:00Z","lastModifiedTime":"0001-01-01T00:00:00Z","sharedGroupsCount":0,"sharedUsersCount":0,"icons":{"smallIconUri":"/369576789871057804/N7d73fbf1-b629-4dab-8023-014998d81792-small.png","mediumIconUri":"/369576789871057804/Nd152bd5d-afe6-4e6a-b734-e5a312e754fa-medium.png","largeIconUri":"/369576789871057804/Na9837f6a-64a7-44b9-af95-5bb1dc98aeb6-large.png","wideIconUri":"/369576789871057804/N42d57344-9af5-4b7d-892d-24adc2279cec-wide.png"},"connectionReferences":{},"databaseReferences":{},"almMode":"Environment","performanceOptimizationEnabled":false,"canConsumeAppPass":true},"isAppComponentLibrary":false,"appType":"ClassicCanvasApp","appComponents":[]}}