{"schemaVersion":"1.0","appDefinitionTemplate":{"id":"/providers/Microsoft.PowerApps/apps/","type":"Microsoft.PowerApps/apps","tags":{"primaryDeviceWidth":"1366","primaryDeviceHeight":"768","sienaVersion":"20200329T121506Z-3.20023.4.0","deviceCapabilities":"","supportsPortrait":"false","supportsLandscape":"true","primaryFormFactor":"Tablet","publisherVersion":"3.20023.4","minimumRequiredApiVersion":"2.2.0","hasComponent":"false","hasUnlockedComponent":"false"},"properties":{"appVersion":"2020-03-29T12:15:06Z","lifeCycleId":"Published","createdByClientVersion":{"major":3,"minor":20023,"build":4,"revision":0,"majorRevision":0,"minorRevision":0},"minClientVersion":{"major":3,"minor":20023,"build":4,"revision":0,"majorRevision":0,"minorRevision":0},"backgroundColor":"rgba(104, 101, 171, 1)","backgroundImageUri":"/6361832442725639219/Nc5de00ce-0caa-4351-b615-2c1023c69f9a-logoSmallFile","displayName":"Exercise 1 - Explanation","description":"","commitMessage":"","appUris":{"documentUri":{"value":"/6361832442725639219/Nf9f54202-913d-406b-9d82-c229fad001d4-document.msapp","readonlyValue":"/6361832442725639219/Nf9f54202-913d-406b-9d82-c229fad001d4-document.msapp"},"imageUris":[]},"createdTime":"0001-01-01T00:00:00Z","lastModifiedTime":"0001-01-01T00:00:00Z","sharedGroupsCount":0,"sharedUsersCount":0,"icons":{"smallIconUri":"/6361832442725639219/N407c0a20-d125-49a3-83ed-00da90d4a418-small.png","mediumIconUri":"/6361832442725639219/N2cc14b1b-9b98-4a8e-bdac-3d96d465851d-medium.png","largeIconUri":"/6361832442725639219/Ne92fba67-07dc-4801-8e8a-ebb5971531eb-large.png","wideIconUri":"/6361832442725639219/N3644f905-1595-45b5-b919-f27509ea5708-wide.png"},"connectionReferences":{},"databaseReferences":{},"almMode":"Environment","performanceOptimizationEnabled":false,"canConsumeAppPass":true},"isAppComponentLibrary":false,"appType":"ClassicCanvasApp","appComponents":[]}}