{"schemaVersion":"1.0","appDefinitionTemplate":{"id":"/providers/Microsoft.PowerApps/apps/","type":"Microsoft.PowerApps/apps","tags":{"primaryDeviceWidth":"1366","primaryDeviceHeight":"768","sienaVersion":"20200510T130159Z-3.20023.8.0","deviceCapabilities":"","supportsPortrait":"false","supportsLandscape":"true","primaryFormFactor":"Tablet","publisherVersion":"3.20023.8","minimumRequiredApiVersion":"2.2.0","hasComponent":"false","hasUnlockedComponent":"false"},"properties":{"appVersion":"2020-05-10T13:01:59Z","lifeCycleId":"Published","createdByClientVersion":{"major":3,"minor":20023,"build":8,"revision":0,"majorRevision":0,"minorRevision":0},"minClientVersion":{"major":3,"minor":20023,"build":8,"revision":0,"majorRevision":0,"minorRevision":0},"backgroundColor":"rgba(104, 101, 171, 1)","backgroundImageUri":"/2130636340643153924/N66edbbf9-5f0c-44ad-bdf5-e862e2945a54-logoSmallFile","displayName":"Exercise 7","description":"","commitMessage":"","appUris":{"documentUri":{"value":"/2130636340643153924/N05c82b6a-2303-4f15-8bbe-bcf39f9d73c5-document.msapp","readonlyValue":"/2130636340643153924/N05c82b6a-2303-4f15-8bbe-bcf39f9d73c5-document.msapp"},"imageUris":[]},"createdTime":"0001-01-01T00:00:00Z","lastModifiedTime":"0001-01-01T00:00:00Z","sharedGroupsCount":0,"sharedUsersCount":0,"icons":{"smallIconUri":"/2130636340643153924/N5018fade-2da9-495e-932d-12bacfb4f2e8-small.png","mediumIconUri":"/2130636340643153924/N98cfb6b3-00ee-49e8-bbc1-5cfbbeb35036-medium.png","largeIconUri":"/2130636340643153924/Nf2ad5bb9-e847-408d-b6f7-91ea5471ebc2-large.png","wideIconUri":"/2130636340643153924/N43d56b67-42e3-4fce-a4e8-9ad248454614-wide.png"},"connectionReferences":{},"databaseReferences":{},"almMode":"Environment","performanceOptimizationEnabled":false,"canConsumeAppPass":true},"isAppComponentLibrary":false,"appType":"ClassicCanvasApp","appComponents":[]}}