{"name":"eb065afd-4cd5-4f91-8c14-899c763c872e","id":"/providers/Microsoft.Flow/flows/eb065afd-4cd5-4f91-8c14-899c763c872e","type":"Microsoft.Flow/flows","properties":{"apiId":"/providers/Microsoft.PowerApps/apis/shared_logicflows","displayName":"File already exists","definition":{"metadata":{"workflowEntityId":null,"creator":{"id":"06f6807f-9fba-48df-9528-3295c251b385","type":"User","tenantId":"001c2761-4129-4951-890f-7c3fb7b4db58"},"provisioningMethod":"FromDefinition","failureAlertSubscription":true,"clientLastModifiedTime":"2020-04-26T11:19:52.4647675Z"},"$schema":"https://schema.management.azure.com/providers/Microsoft.Logic/schemas/2016-06-01/workflowdefinition.json#","contentVersion":"1.0.0.0","parameters":{"$connections":{"defaultValue":{},"type":"Object"},"$authentication":{"defaultValue":{},"type":"SecureObject"},"sharepoint.site":{"defaultValue":"","type":"String"},"sharepoint.list":{"defaultValue":"","type":"String"}},"triggers":{"manual":{"splitOn":"@triggerBody()['rows']","type":"Request","kind":"ApiConnection","inputs":{"schema":{"type":"object","properties":{"rows":{"type":"array","items":{"type":"object","properties":{"entity":{"type":"object","properties":{"FileId":{"type":"string"},"fileName":{"title":"fileName","type":"string"}},"required":["FileId","fileName"]}},"required":["entity"]}}},"required":["rows"]},"host":{"connection":{"name":"@parameters('$connections')['shared_sharepointonline']['connectionId']"},"api":{"runtimeUrl":"https://europe-002.azure-apim.net/apim/sharepointonline"}},"operationId":"ForASelectedFileHybridTrigger","parameters":{"dataset":"https://faf202005.sharepoint.com/sites/Exercises","table":"8ecd3de5-cdef-4d4e-acc7-60d449285f07"}}}},"actions":{"Get_file_properties":{"runAfter":{},"metadata":{"flowSystemMetadata":{"swaggerOperationId":"GetFileItem"}},"type":"ApiConnection","inputs":{"host":{"connection":{"name":"@json(decodeBase64(triggerOutputs().headers['X-MS-APIM-Tokens']))['$connections']['shared_sharepointonline']['connectionId']"},"api":{"runtimeUrl":"https://europe-002.azure-apim.net/apim/sharepointonline"}},"method":"get","path":"/datasets/@{encodeURIComponent(encodeURIComponent('https://faf202005.sharepoint.com/sites/Exercises'))}/tables/@{encodeURIComponent(encodeURIComponent('8ecd3de5-cdef-4d4e-acc7-60d449285f07'))}/items/@{encodeURIComponent(triggerBody()?['entity']?['FileId'])}/getfileitem","authentication":{"type":"Raw","value":"@json(decodeBase64(triggerOutputs().headers['X-MS-APIM-Tokens']))['$ConnectionKey']"},"api":{"runtimeUrl":"https://firstrelease-001.azure-apim.net/apim/sharepointonline"}}},"Get_file_metadata_using_path":{"runAfter":{"Set_variable":["Succeeded"]},"metadata":{"flowSystemMetadata":{"swaggerOperationId":"GetFileMetadataByPath"}},"type":"ApiConnection","inputs":{"host":{"connection":{"name":"@json(decodeBase64(triggerOutputs().headers['X-MS-APIM-Tokens']))['$connections']['shared_sharepointonline']['connectionId']"},"api":{"runtimeUrl":"https://europe-002.azure-apim.net/apim/sharepointonline"}},"method":"get","path":"/datasets/@{encodeURIComponent(encodeURIComponent('https://faf202005.sharepoint.com/sites/Exercises'))}/GetFileByPath","queries":{"path":"@variables('filePath')","queryParametersSingleEncoded":true},"authentication":{"type":"Raw","value":"@json(decodeBase64(triggerOutputs().headers['X-MS-APIM-Tokens']))['$ConnectionKey']"}}},"Initialize_variable":{"runAfter":{"Get_file_properties":["Succeeded"]},"type":"InitializeVariable","inputs":{"variables":[{"name":"filePath","type":"string"}]}},"Set_variable":{"runAfter":{"Initialize_variable":["Succeeded"]},"type":"SetVariable","inputs":{"name":"filePath","value":"/DocumentsB/@{triggerBody()?['entity']?['fileName']}"}},"Send_an_email_(V2)":{"runAfter":{"Get_file_metadata_using_path":["Succeeded"]},"metadata":{"flowSystemMetadata":{"swaggerOperationId":"SendEmailV2"}},"type":"ApiConnection","inputs":{"host":{"connection":{"name":"@json(decodeBase64(triggerOutputs().headers['X-MS-APIM-Tokens']))['$connections']['shared_office365']['connectionId']"},"api":{"runtimeUrl":"https://europe-002.azure-apim.net/apim/office365"}},"method":"post","body":{"To":"demoone@faf202005.onmicrosoft.com","Subject":"File exists","Body":"<p>File exists</p>"},"path":"/v2/Mail","authentication":{"type":"Raw","value":"@json(decodeBase64(triggerOutputs().headers['X-MS-APIM-Tokens']))['$ConnectionKey']"}}},"Send_an_email_(V2)_2":{"runAfter":{"Get_file_metadata_using_path":["Failed"]},"metadata":{"flowSystemMetadata":{"swaggerOperationId":"SendEmailV2"}},"type":"ApiConnection","inputs":{"host":{"connection":{"name":"@json(decodeBase64(triggerOutputs().headers['X-MS-APIM-Tokens']))['$connections']['shared_office365']['connectionId']"},"api":{"runtimeUrl":"https://europe-002.azure-apim.net/apim/office365"}},"method":"post","body":{"To":"demoone@faf202005.onmicrosoft.com","Subject":"File does not exist","Body":"<p>File does not exist</p>"},"path":"/v2/Mail","authentication":{"type":"Raw","value":"@json(decodeBase64(triggerOutputs().headers['X-MS-APIM-Tokens']))['$ConnectionKey']"}}}},"outputs":{},"description":"Define a custom action to happen for a selected file. It could be sending an email, copying the file to a folder or web service, or something else. You decide. To run this flow, select a file and choose this flow from the Flow menu."},"connectionReferences":{"shared_sharepointonline":{"connectionName":"b07b6b1e51ae4f08a5bf2748f431ecea","source":"Invoker","id":"/providers/Microsoft.PowerApps/apis/shared_sharepointonline","tier":"NotSpecified"},"shared_office365":{"connectionName":"22d9b86e9341464ca473e4f0b3b59565","source":"Invoker","id":"/providers/Microsoft.PowerApps/apis/shared_office365","tier":"NotSpecified"}},"flowFailureAlertSubscribed":false}}