{"name":"5f16b093-bf66-4f41-a8ee-d8a07a17163f","id":"/providers/Microsoft.Flow/flows/5f16b093-bf66-4f41-a8ee-d8a07a17163f","type":"Microsoft.Flow/flows","properties":{"apiId":"/providers/Microsoft.PowerApps/apis/shared_logicflows","displayName":"Copy file","definition":{"metadata":{"workflowEntityId":null,"creator":{"id":"06f6807f-9fba-48df-9528-3295c251b385","type":"User","tenantId":"001c2761-4129-4951-890f-7c3fb7b4db58"},"provisioningMethod":"FromDefinition","failureAlertSubscription":true,"clientLastModifiedTime":"2020-04-26T11:14:49.2035363Z"},"$schema":"https://schema.management.azure.com/providers/Microsoft.Logic/schemas/2016-06-01/workflowdefinition.json#","contentVersion":"1.0.0.0","parameters":{"$connections":{"defaultValue":{},"type":"Object"},"$authentication":{"defaultValue":{},"type":"SecureObject"},"sharepoint.site":{"defaultValue":"","type":"String"},"sharepoint.list":{"defaultValue":"","type":"String"}},"triggers":{"manual":{"splitOn":"@triggerBody()['rows']","type":"Request","kind":"ApiConnection","inputs":{"schema":{"type":"object","properties":{"rows":{"type":"array","items":{"type":"object","properties":{"entity":{"type":"object","properties":{"FileId":{"type":"string"}},"required":["FileId"]}},"required":["entity"]}}},"required":["rows"]},"host":{"connection":{"name":"@parameters('$connections')['shared_sharepointonline']['connectionId']"},"api":{"runtimeUrl":"https://europe-002.azure-apim.net/apim/sharepointonline"}},"operationId":"ForASelectedFileHybridTrigger","parameters":{"dataset":"https://faf202005.sharepoint.com/sites/Exercises","table":"8ecd3de5-cdef-4d4e-acc7-60d449285f07"}}}},"actions":{"Get_file_properties":{"runAfter":{},"metadata":{"flowSystemMetadata":{"swaggerOperationId":"GetFileItem"}},"type":"ApiConnection","inputs":{"host":{"connection":{"name":"@json(decodeBase64(triggerOutputs().headers['X-MS-APIM-Tokens']))['$connections']['shared_sharepointonline']['connectionId']"},"api":{"runtimeUrl":"https://europe-002.azure-apim.net/apim/sharepointonline"}},"method":"get","path":"/datasets/@{encodeURIComponent(encodeURIComponent('https://faf202005.sharepoint.com/sites/Exercises'))}/tables/@{encodeURIComponent(encodeURIComponent('8ecd3de5-cdef-4d4e-acc7-60d449285f07'))}/items/@{encodeURIComponent(triggerBody()?['entity']?['FileId'])}/getfileitem","authentication":{"type":"Raw","value":"@json(decodeBase64(triggerOutputs().headers['X-MS-APIM-Tokens']))['$ConnectionKey']"},"api":{"runtimeUrl":"https://firstrelease-001.azure-apim.net/apim/sharepointonline"}}},"Copy_file":{"runAfter":{"Get_file_properties":["Succeeded"]},"metadata":{"flowSystemMetadata":{"swaggerOperationId":"CopyFileAsync"}},"type":"ApiConnection","inputs":{"host":{"connection":{"name":"@json(decodeBase64(triggerOutputs().headers['X-MS-APIM-Tokens']))['$connections']['shared_sharepointonline']['connectionId']"},"api":{"runtimeUrl":"https://europe-002.azure-apim.net/apim/sharepointonline"}},"method":"post","body":{"sourceFileId":"@body('Get_file_properties')?['{FullPath}']","destinationDataset":"https://faf202005.sharepoint.com/sites/Exercises","destinationFolderPath":"/DocumentsB","nameConflictBehavior":0},"path":"/datasets/@{encodeURIComponent(encodeURIComponent('https://faf202005.sharepoint.com/sites/Exercises'))}/copyFileAsync","authentication":{"type":"Raw","value":"@json(decodeBase64(triggerOutputs().headers['X-MS-APIM-Tokens']))['$ConnectionKey']"}}}},"outputs":{},"description":"Define a custom action to happen for a selected file. It could be sending an email, copying the file to a folder or web service, or something else. You decide. To run this flow, select a file and choose this flow from the Flow menu."},"connectionReferences":{"shared_sharepointonline":{"connectionName":"b07b6b1e51ae4f08a5bf2748f431ecea","source":"Embedded","id":"/providers/Microsoft.PowerApps/apis/shared_sharepointonline","tier":"NotSpecified"}},"flowFailureAlertSubscribed":false}}